"status","mentioned_name","match_count","matched_people","years","candidate_names","relationships","claim_texts"
"not_found","丁連宏","0","","2018 | 2022","蔡秋蘭","丈夫","丈夫是前西港鄉代會主席丁連宏 | 丈夫是曾任西港鄉代會主席的丁連宏"
"not_found","尤世景","0","","2018 | 2022","尤碧鈴","爸爸 | 父親","爸爸是228事件受難者、9屆縣議員、2屆鎮民代表尤世景 | 父親是228事件受難者、9屆縣議員、2屆鎮民代表尤世景"
"not_found","巴燕達魯","0","","2018","寶杜・巴燕 Bawtu．Payen","爸爸","爸爸是2屆立委巴燕．達魯"
"not_found","方隆盛","0","","2018 | 2022","方一峰","爸爸 | 父親","爸爸是5屆議員方隆盛 | 父親是曾任5屆議員的方隆盛"
"not_found","牛廉","0","","2018 | 2022","牛煦庭","爸爸 | 父親","爸爸是前桃園縣議會秘書、立委呂玉玲服務處主任、新黨創黨元老牛廉 | 父親是曾任桃園縣議會秘書、新黨創黨元老的牛廉"
"not_found","王方員","0","","2018 | 2022","王耀裕","四叔","四叔是縣議員及2屆林園鄉長王方員"
"not_found","王世雄","0","","2022","鄭東元","表弟","表弟是國民黨前立委王志雄、王世雄"
"not_found","王主安","0","","2018 | 2022","王耀裕","三叔","三叔王主安曾任高雄縣瓦斯公會理事長"
"found","王仙蓮","1","王仙蓮 [ab54d7c1-605f-4b1f-a36b-dedd93a1ad63]","2022","蘇偉恩","母親","母親是曾任議員、本次第13選區參選人的王仙蓮"
"found","王平川","1","王平川 [8fb7a09c-9916-4e65-bdde-b1d3f8963e84]","2022","蔣琦君","丈夫","丈夫是曾任台南市府市政顧問、民進黨台南市黨部佳里區主任、代表民進黨參選議員落敗的王平川"
"not_found","王玉雲","0","","2022","鄭東元","舅舅","舅舅是前高雄市長王玉雲"
"not_found","王志雄","0","","2022","鄭東元","表弟","表弟是國民黨前立委王志雄、王世雄"
"not_found","王南榮","0","","2018 | 2022","王耀裕","二叔","二叔是2屆林園鄉民代表王南榮"
"found","王秋冬","1","王秋冬 [e388be62-e955-4bc2-b977-06a4b2e8f4d6]","2018 | 2022","朱暖英","丈夫","丈夫是台中市民政局局長、民政處處長、3屆議員王秋冬"
"not_found","王峻潭","0","","2018","王開玹","爸爸","爸爸是4屆議員王峻潭"
"found","王浩宇","1","王浩宇 [582e19ec-93f1-4f55-92bf-5e1bbe50a709]","2022","邱仁德","表親","表親是曾任桃園市議員的王浩宇"
"not_found","王秝毅","0","","2018","吳宜昌","老婆","老婆是梧棲農會總幹事王秝毅"
"not_found","王國發","0","","2018 | 2022","王耀裕","爸爸 | 父親","爸爸是在縣府建設局服務至退休的王國發 | 父親是在縣府建設局服務至退休的王國發"
"not_found","王銓榮","0","","2018 | 2022","王威元","爸爸 | 父親","爸爸是前縣議員王銓榮 | 父親是前縣議員王銓榮"
"found","朱立倫","1","朱立倫 [0e20421e-370a-4913-a679-d3f2cbcc9ec1]","2022","李婉鈺","表姐夫","表姐夫是國民黨主席朱立倫"
"not_found","朱安雄","0","","2018 | 2022","朱挺玗","爸爸 | 父親","爸爸是監察委員、6屆議員朱安雄 | 父親是監察委員、國民黨前議員朱安雄"
"not_found","江正吉","0","","2018 | 2022","江肇國","爸爸 | 父親","爸爸是前議員江正吉 | 父親是前議員江正吉"
"found","江啟臣","1","江啟臣 [7a4d2370-42b0-4acf-9b41-545eb1905cec]","2018 | 2022","劉哲彰","姐夫","姐夫是立委、國民黨立法院黨團總召集人江啟臣 | 姐夫是國民黨立委江啟臣"
"ambiguous_same_name","江惠貞","2","江惠貞 [4c2a4176-c754-40a1-b7af-d971511f78f9] | 江惠貞 [f9c9d911-4197-40b5-9310-fdd190ec7109]","2018 | 2022","江怡臻","姑姑","姑姑是前立委、板橋市市長、板橋區區長江惠貞"
"not_found","何利偉","0","","2018","鍾佩玲","長子","丈夫是3屆立委薛凌長子何利偉"
"found","何志偉","1","何志偉 [6d1ca7b6-6794-408c-b4c8-2fc6112a526c]","2018 | 2022","鍾佩玲","小叔","小叔是2屆議員何志偉 | 小叔是2屆議員、民進黨立委何志偉"
"found","何春木","1","何春木 [01a59326-a369-47ff-85fe-01645b4091b2]","2018 | 2022","何敏誠 | 何昆霖","爸爸 | 祖父","爸爸是民進黨創黨大老、國策顧問何春木 | 祖父是民進黨大老、前議員何春木"
"found","何敏誠","1","何敏誠 [15ec152c-8f32-4471-97b2-e0711c9b4ae7]","2022","何昆霖","父親","父親是7屆議員何敏誠"
"not_found","何敏豪","0","","2018 | 2022","何敏誠 | 何昆霖","弟弟 | 叔叔","弟弟是2屆立委、國大代表何敏豪 | 叔叔是前立委何敏豪"
"not_found","何勝雄","0","","2018","何堅心","哥哥","哥哥是3屆縣議員、5屆鳥松鄉代表何勝雄"
"not_found","吳伯雄","0","","2018 | 2022","吳志剛","爸爸 | 父親","爸爸是前國民黨黨主席吳伯雄 | 父親是前國民黨黨主席吳伯雄"
"found","吳志揚","1","吳志揚 [6e1be250-dae5-4a48-91b4-d63b624153c6]","2018 | 2022","吳志剛","哥哥","哥哥是前桃園縣長吳志揚"
"found","吳政勳","1","吳政勳 [fa6f2086-5a44-466a-8b51-c7b934b64230]","2018 | 2022","李雨庭","丈夫","丈夫是前議員吳政勳"
"found","吳峻鋕","1","吳峻鋕 [a7d53978-e1ec-5957-8304-6bd26f4d7589]","2022","簡舒培","丈夫","丈夫為民主進步黨中國事務部主任吳峻鋕"
"not_found","吳健保","0","","2018 | 2022","吳禹寰","爸爸 | 父親","爸爸是5屆議員、3屆議長吳健保 | 父親是曾任5屆議員、3屆議長的吳健保"
"found","吳勝文","1","吳勝文 [9b0dcfc3-49f7-4f36-ae08-7c72cffb135c]","2022","吳訓孝","父親","父親是連任四屆的三重光田里里長吳勝文"
"not_found","吳德美","0","","2018 | 2022","朱挺玗","媽媽 | 母親","媽媽是4屆立委吳德美 | 母親是國民黨前立委吳德美"
"not_found","吳鴻鳴","0","","2018 | 2022","李雨庭","公公","公公是前高雄縣副議長吳鴻鳴"
"found","吳顯森","1","吳顯森 [ae7efdec-2412-4b56-afd5-aeb118b4dbb6]","2022","吳呈賢 | 吳建德","父親 | 養父","父親是3屆議員、大雅鄉1屆鄉長、2屆鄉民代表吳顯森 | 養父是議員吳顯森"
"not_found","呂子昌","0","","2018","呂孫福","爸爸","爸爸是8屆議員、總統府國策顧問呂子昌，姊姊是民進黨中執委、立委呂孫綾"
"found","呂玉玲","1","呂玉玲 [ad75b12d-33df-42f4-9e28-2028a685bcc0]","2018 | 2022","陳萬得 | 陳韋曄","老婆 | 母親","老婆是2屆立委呂玉玲 | 母親是國民黨立委呂玉玲"
"not_found","呂邱葉","0","","2018 | 2022","呂林小鳳","婆婆","婆婆是4屆縣議員、八德鄉民代表呂邱葉"
"found","呂孫綾","1","呂孫綾 [347c2237-b5de-4a3e-a8c9-8580d7f1a017]","2018","呂孫福","姊姊","爸爸是8屆議員、總統府國策顧問呂子昌，姊姊是民進黨中執委、立委呂孫綾"
"not_found","宋進財","0","","2018","宋雨蓁 Nikar‧Falong","爸爸","爸爸是6屆議員宋進財"
"not_found","宋萬春","0","","2018 | 2022","宋立彬","爸爸 | 父親","爸爸是前縣議員宋萬春 | 父親是前議員宋萬春"
"not_found","李仁人","0","","2018 | 2022","郭昭巖","媽媽 | 母親","媽媽是5屆議員李仁人 | 母親是5屆議員李仁人"
"ambiguous_same_name","李文正","3","李文正 [537a6557-2ac3-4ddd-8044-bf4da6e8f954] | 李文正 [c2445079-9ffd-48b4-84b5-d1d6fe95199a] | 李文正 [aca716a9-c0f9-4ab6-920a-3fe16a94abef]","2018 | 2022","李啓維","爸爸 | 父親","爸爸是5屆議員李文正 | 父親是5屆議員李文正"
"not_found","李水樹","0","","2018 | 2022","李雅芬","外公 | 祖父","外公是中和里里長李水樹 | 祖父是楠梓區中和里里長李水樹"
"not_found","李本源","0","","2018 | 2022","李宗翰","爸爸 | 父親","爸爸是前後壁鄉鄉長李本源 | 父親是曾任後壁鄉鄉長的李本源"
"not_found","李金璋","0","","2022","李彥秀","父親","父親是2屆台北市議員李金璋，因罹癌交棒"
"not_found","李長生","0","","2018 | 2022","李亞築","爸爸 | 父親","爸爸是6屆議員李長生 | 父親是國民黨前議員李長生"
"found","李俊毅","1","李俊毅 [4c3e4485-62c7-49a5-af9e-c1753c8f9e76]","2018 | 2022","翁語含","姨丈","姨丈是5屆立委、民進黨副秘書長李俊毅 | 姨丈是曾任5屆立委、民進黨副秘書長的李俊毅"
"not_found","李秋惠","0","","2018 | 2022","黃成峻","媽媽 | 母親","媽媽是前市民代表李秋惠 | 母親是曾任市民代表的李秋惠"
"ambiguous_same_name","李茂雄","2","李茂雄 [8ad5c6b1-8ef8-4060-a00a-cb83a05e1935] | 李茂雄 [c19e4df2-8426-440a-bebf-5f6ea3da35e9]","2018 | 2022","李倩萍","爸爸 | 父親","爸爸是蘆洲九芎里里長李茂雄 | 父親是蘆洲九芎里里長李茂雄"
"ambiguous_same_name","李香蘭","2","李香蘭 [94eff20a-301c-4240-b97e-a16a8d197378] | 李香蘭 [26df1ee5-2776-4d5e-94de-15f4a17f6e91]","2018 | 2022","李雨庭","姊姊","姊姊是屏縣議員李香蘭"
"not_found","李真和","0","","2018 | 2022","李雨庭","爸爸 | 父親","爸爸是前屏東縣議員李真和 | 父親是前屏東縣議員李真和"
"not_found","李務","0","","2018 | 2022","郭昭巖","外公 | 祖父","外公是2屆議員李務 | 祖父是2屆議員李務"
"found","李雲強","1","李雲強 [7758c0be-de7a-4bfd-b146-6b5eb190b983]","2022","孫韻璇","丈夫","丈夫是曾任2屆議員的李雲強"
"not_found","李黃恆貞","0","","2018 | 2022","郭昭巖","外婆 | 祖母","外婆是1屆省議員、2屆市議員及2屆國大代表李黃恆貞 | 祖母是1屆省議員、2屆市議員及2屆國大代表李黃恆貞"
"not_found","李新","0","","2018 | 2022","李柏毅","爸爸 | 父親","爸爸是5屆議員、新黨發起人之一李新 | 父親是5屆議員、新黨發起人之一李新"
"not_found","李榮宗","0","","2018 | 2022","李眉蓁","爸爸 | 父親","爸爸是前議員李榮宗 | 父親是親民黨前議員李榮宗"
"found","李榮鴻","1","李榮鴻 [fc1c590a-579f-4467-968f-0c5003a92f96]","2022","李文傑","父親","父親是3屆議員李榮鴻"
"not_found","李福人","0","","2022","李彥秀","祖父","祖父是南港鎮民代表、1屆台北縣議員的李福人"
"not_found","李銀來","0","","2018 | 2022","李芳儒","爸爸 | 父親","爸爸是4屆議員李銀來 | 父親是4屆議員李銀來"
"not_found","李慶信","0","","2018 | 2022","李中岑","爸爸 | 父親","爸爸是前議員李慶信 | 父親是2屆議員李慶信"
"not_found","李鎮楠","0","","2018 | 2022","林俐玲 | 李宗豪","丈夫 | 父親","丈夫是立委、2屆議員李鎮楠 | 父親是曾任龜山鄉代表、2屆議員、2屆立委的李鎮楠"
"ambiguous_same_name","李麗華","2","李麗華 [8d12f43f-752f-4af6-8073-77dc9609cb2a] | 李麗華 [829f0b8e-bcb6-4aa9-9807-dc7153a31b8f]","2022","黃佳恬","母親","母親是4屆議員李麗華"
"not_found","沈美英","0","","2022","吳訓孝","母親","母親是是三重區工商企管婦女會理事長沈美英"
"ambiguous_same_name","沈智慧","2","沈智慧 [7e87f30a-ff8d-4bbd-af3f-4cbcaf6952d2] | 沈智慧 [7036d3a4-38fe-4cc8-9553-e9d663188f42]","2018 | 2022","沈佑蓮","姊姊","姊姊是6屆立委沈智慧"
"found","沈廉哲","1","沈廉哲 [6dd91244-5a41-4923-a4bd-90df314ad613]","2018 | 2022","沈震東","爸爸 | 父親","爸爸是5屆水仙里里長沈廉哲 | 父親是5屆水仙里里長沈廉哲"
"not_found","卓建鴻","0","","2022","卓冠廷","父親","父親是曾擔任鶯歌鎮民代表會副主席的卓建鴻（改名前叫卓建國）"
"not_found","周五六","0","","2018 | 2022","周奕齊","爸爸 | 父親","爸爸是4屆議員（前議長）、前立委周五六 | 父親是4屆議員、議長、立委的周五六"
"not_found","周平德","0","","2018","周玲妏","爸爸","爸爸是曾因美麗島事件入獄、民進黨高雄市黨部首任主委、國大代表的周平德"
"not_found","周明德","0","","2018 | 2022","周麗津","爸爸 | 父親","爸爸是3屆議員周明德 | 父親是3屆議員周明德"
"found","周金福","1","周金福 [3d76c85f-80a3-44d2-83cd-501145adfd69]","2018","周佳錚","爸爸","爸爸是鼓山區龍水里里長周金福"
"not_found","周陳秀霞","0","","2018 | 2022","周奕齊","媽媽 | 母親","媽媽是親民黨不分區立委周陳秀霞 | 母親是親民黨不分區立委周陳秀霞"
"ambiguous_same_name","忠仁達祿斯","2","忠仁．達祿斯 [f00173e1-0f4b-462b-b739-302fc0122570] | 忠仁．達祿斯 [ba1f6eba-e719-4141-b706-91f782fa1cd2]","2022","藞妏．尼卡兒","丈夫","丈夫是前新北市議員忠仁達祿斯"
"not_found","拔耐茹妮老王","0","","2022","呂儀恬","母親","母親是本次參選基隆平地原住民議員的拔耐．茹妮老王"
"not_found","林士昌","0","","2018 | 2022","林孟令","爸爸 | 父親","爸爸是2屆議長、2屆副議長、2屆龍井鄉鄉長、代表會主席林士昌 | 父親是2屆議長、2屆副議長、2屆龍井鄉鄉長、代表會主席林士昌"
"not_found","林文郎","0","","2018 | 2022","林瑞圖","叔叔","叔叔是前立委林文郎"
"found","林汝洲","1","林汝洲 [e632d8e5-e7b0-4e28-b537-fa4a193dd27f]","2022","林昊佑","父親","父親是1屆議員、2屆大肚鄉鄉長、2屆大肚鄉鄉民代表林汝洲"
"not_found","林宏宗","0","","2018 | 2022","曾麗燕","丈夫","丈夫是3屆立委林宏宗"
"ambiguous_same_name","林志聰","2","林志聰 [481ab2ec-190b-491c-ae42-a7349920f999] | 林志聰 [a15be320-64ce-4118-831f-1af4b2e2f920]","2022","余柷青","丈夫","丈夫是2屆議員林志聰"
"found","林秀梅","1","林秀梅 [5f4f7ef8-a942-4130-b40a-739d86302ee0]","2018","張雅旻","媽媽","媽媽是潭子鄉民代表會主席林秀梅"
"found","林阳乙","1","林阳乙 [13239e74-bea0-497f-8917-2e93bf929e74]","2022","林冠維","父親","父親是1屆議員林阳乙"
"ambiguous_same_name","林京玲","2","林京玲 [666c8d22-3600-4628-9fa1-aa83d8c5d982] | 林京玲 [d98f714d-29bc-4741-a136-ed2a36c929cb]","2018","柯貞竹","女兒","女兒是公民里里長林京玲"
"not_found","林佩樂","0","","2018 | 2022","林學冠 | 林霈涵","姊姊 | 妹妹","姊姊是2屆議員林珮涵和2屆議員林佩樂 | 妹妹是2屆議員林佩樂"
"not_found","林忠正","0","","2018 | 2022","林昭賢","爸爸 | 父親","爸爸是3屆議員、2屆龍潭鄉鄉長林忠正 | 父親是曾任3屆議員、2屆龍潭鄉鄉長的林忠正"
"ambiguous_same_name","林芳如","2","林芳如 [01c0a0d9-54e1-4c9c-8ab0-1c94fb0f582a] | 林芳如 [5ad17b6b-345a-4b81-b8bc-3478a037702d]","2022","黃飛鳳","二嫂","二嫂是前民進黨議員參選人林芳如"
"not_found","林阿坤","0","","2018 | 2022","林銘仁","爸爸 | 父親","爸爸是前議員林阿坤 | 父親是前議員林阿坤"
"found","林亮君","1","林亮君 [a58b6fcb-094d-45ec-81d3-35e0084930d8]","2022","苗博雅","遠房表妹","遠房表妹是台北市議員林亮君"
"found","林俐玲","1","林俐玲 [31a3bd2c-5f72-4cb3-8901-1b89c7c02938]","2022","李宗豪","母親","母親是曾任4屆議員的林俐玲"
"not_found","林茂源","0","","2022","林明義","父親","父親是龜山鄉民代表會副主席林茂源"
"not_found","林晉章","0","","2018","林亭君","叔叔","叔叔是6屆議員林晉章"
"found","林國成","1","林國成 [eabfb34d-6e2f-4ebf-96c7-ad6c9505ddd5]","2022","林珍羽","父親","父親是4屆台北市議員林國成"
"found","林國雄","1","林國雄 [39ba6433-2b13-49d6-a0c1-73528cf4c86c]","2018","林永鴻","爸爸","爸爸是2屆議員林國雄"
"not_found","林張久美","0","","2018 | 2022","林學冠 | 林霈涵","媽媽 | 母親","媽媽是3屆議員林張久美 | 母親是3屆議員林張久美"
"not_found","林義一","0","","2018","張晉婷","公公","公公是4屆縣議員、3屆五股鄉興珍村村長林義一"
"not_found","林慶鎮","0","","2018 | 2022","陳碧玉","丈夫","丈夫是4屆議員林慶鎮"
"not_found","邱大展","0","","2018 | 2022","邱于軒","爸爸 | 父親","爸爸是國民黨行管會主委邱大展 | 父親是國民黨行管會主委邱大展"
"not_found","邱西成","0","","2022","邱婷蔚","父親","父親是三重前市民代表邱西成"
"found","邱佳亮","1","邱佳亮 [be671f26-3901-4e7b-af16-e661388b9715]","2022","邱文威","父親","父親是曾任議員的邱佳亮"
"not_found","邱垂益","0","","2018 | 2022","邱烽堯","爸爸 | 父親","爸爸是4屆議員、中和區區長、中和市市長邱垂益 | 父親是4屆議員、中和區區長、中和市市長邱垂益"
"found","邱素貞","1","邱素貞 [f1b01283-971a-4a04-9229-75200e719922]","2022","陳雅惠","母親","母親是3屆議員邱素貞"
"not_found","邱瑞朝","0","","2022","張桂綿","丈夫","丈夫是八德區長邱瑞朝"
"not_found","邱顯二","0","","2018 | 2022","陳治文","丈夫","丈夫是前議員邱顯二 | 丈夫是曾任議員的邱顯二"
"not_found","侯冠群","0","","2022","李彥秀","丈夫","丈夫是2屆台北市議員侯冠群"
"found","侯彩鳳","1","侯彩鳳 [1967ffd3-a5e2-41f8-9d6e-afbc56bc5fd3]","2018 | 2022","黃香菽 | 黃柏霖","媽媽 | 嬸嬸 | 母親","媽媽是4屆立委侯彩鳳 | 嬸嬸是4屆立委侯彩鳳 | 嬸嬸是國民黨立委侯彩鳳 | 母親是國民黨立委侯彩鳳"
"not_found","姚溪海","0","","2018 | 2022","李偉智","爸爸 | 父親","爸爸是縣議員、前新化區長、新化鎮長姚溪海（李從母姓） | 父親是曾任是縣議員、前新化區長、新化鎮長的姚溪海"
"found","施明進","1","施明進 [ef0a9c1a-4405-42d9-82ba-cbac255f2cb0]","2018","施嘉榮","爸爸","爸爸是後港里里長、新莊里長聯誼會長施明進"
"found","柯貞竹","1","柯貞竹 [1656c441-e325-46df-8825-ab3156bca5c7]","2022","林京玲","母親","母親是前國民黨中常委柯貞竹"
"found","柯路加","1","柯路加 Istanda Ciban [de0c0000-7208-4d01-b0a9-1b9f3674ab7c]","2022","葛姵瑩","姐夫","姐夫是國民黨前議員柯路加"
"ambiguous_same_name","段緯宇","2","段緯宇 [5a6b62b3-42f1-4311-843a-4e31dc56d3f9] | 段緯宇 [3584be22-bbd9-4cce-8954-3c0c30cf39e8]","2022","段中仁","父親","父親是5屆議員段緯宇"
"not_found","洪辰祐","0","","2018 | 2022","洪佳君","爸爸 | 父親","爸爸是5屆樹林區東昇里里長洪辰祐 | 父親是5屆樹林區東昇里里長洪辰祐"
"found","洪金福","1","洪金福 [61979ec4-b837-4a82-abf9-df29df38a6eb]","2022","洪志明","父親","父親是議員洪金福"
"found","洪國治","1","洪國治 [4a0a7cec-3a1b-4ffd-9cd2-92141fec6279]","2018","洪國彰","弟弟","弟弟是4屆議員洪國治"
"ambiguous_same_name","洪慈庸","2","洪慈庸 [9a50ffcc-4bab-4cfd-b320-8fb3ab43859f] | 洪慈庸 [7d5f2294-5677-46d3-bae2-7549962fd0d8]","2022","卓冠廷","妻子","妻子是前時代力量立委洪慈庸"
"ambiguous_same_name","苗博雅","2","苗博雅 [5db93910-aaf1-4017-b79b-0802b9569c71] | 苗博雅 [99d51616-38d5-4d17-a14d-c74532c212fa]","2022","林亮君","遠房表姊","遠房表姊為社民黨台北市議員苗博雅"
"not_found","唐瑞明","0","","2018","唐儀靜","爸爸","爸爸是4屆議員、民進黨元老唐瑞明"
"found","唐碧娥","1","唐碧娥 [9fe281a8-8e30-41bd-a2cc-e186945801e5]","2018","唐儀靜","姑姑","姑姑是2屆議員唐碧娥"
"found","唐儀靜","1","唐儀靜 [08c78b83-b063-4f43-95d2-7f29d550203e]","2018","唐碧娥","姪女","姪女是2屆議員唐儀靜"
"not_found","徐志明","0","","2018","徐佳瑩","爸爸","爸爸是前立委、大寮鄉長徐志明"
"ambiguous_same_name","徐欣瑩","3","徐欣瑩 [fce8e4e8-2586-430b-ad3c-33bfdff45d2e] | 徐欣瑩 [02826491-4272-4be2-96aa-84bbdd7dbce6] | 徐欣瑩 [3058aefa-8a31-4069-9f75-8f41179317bc]","2018","徐世勲","姐姐","姐姐是民國黨主席徐欣瑩"
"not_found","徐張貴華","0","","2018","徐佳瑩","媽媽","媽媽是前大寮鄉長徐張貴華"
"not_found","徐鏡蘭","0","","2018","徐世勲","爸爸","爸爸是新竹縣新豐鄉前鄉長徐鏡蘭"
"not_found","翁瑞珠","0","","2018 | 2022","黃秋媖","媽媽 | 母親","媽媽是2屆議員翁瑞珠 | 母親是民進黨前議員翁瑞珠"
"not_found","耿繼文","0","","2022","耿葳","伯父","伯父為現任中華民國退休警察人員協會總會理事長耿繼文"
"found","高敏慧","1","高敏慧 [cd3e84c5-d23d-43e0-93fd-58e8e9c019f4]","2022","高乃芸","姑姑","姑姑是6屆議員、因貪污被褫奪公權的長高敏慧"
"not_found","張火爐","0","","2018 | 2022","鄭淑方","姨丈","姨丈是3屆議員、2屆鎮民代表張火爐 | 姨丈是曾任3屆議員、2屆鎮民代表的張火爐"
"not_found","張宏年","0","","2018 | 2022","張彥彤","爸爸 | 父親","爸爸是7屆議員、副議長/議長張宏年 | 父親是7屆議員、副議長、議長張宏年"
"not_found","張春松","0","","2018","呂淑真","丈夫","丈夫是前八德市市長、農會總幹事、鄉民代表會主席張春松"
"found","張茂楠","1","張茂楠 [ce727551-d321-41a4-9b0d-440500561536]","2022","張文潔","父親","父親是民進黨籍台北市議員張茂楠"
"ambiguous_same_name","張家豪","2","張家豪 [698e8edd-ea97-4ea1-91f2-3765e9d15317] | 張家豪 [c8e9eb52-50e7-49aa-85b8-af121c67968a]","2022","華珮君","丈夫","丈夫是2022動保黨台北市長參選人張家豪"
"not_found","張啟仲","0","","2018 | 2022","張彥彤","爺爺 | 祖父","爺爺是前副議長、台中市張派代表人物張光儀，同一輩的還有前台中市長張啟仲、新光醫院前副院長黃芳彥的母親張愛信 | 祖父是前副議長、台中市張派代表人物張光儀，同一輩的還有前台中市長張啟仲、新光醫院前副院長黃芳彥的母親張愛信"
"not_found","張清堂","0","","2018 | 2022","張清照","哥哥","哥哥是6屆議員、3屆議長張清堂"
"not_found","張喜財","0","","2018 | 2022","張志宏","爸爸 | 父親","爸爸是前縣議員、新莊鎮民代表、新莊市代會主席張喜財 | 父親是前縣議員、新莊鎮民代表、新莊市代會主席張喜財"
"not_found","張貴木","0","","2018 | 2022","張肇良","爸爸 | 父親","爸爸是省議員、民進黨桃園縣黨部主委、中評委張貴木 | 父親是曾任省議員、民進黨桃園縣黨部主委的張貴木"
"found","張貴華","1","張貴華 [3f5029c6-fee6-4083-b59a-f02bf241e6a9]","2018","徐佳瑩","媽媽","媽媽是前大寮鄉長徐張貴華"
"not_found","張愛信","0","","2018 | 2022","張彥彤","母親","爺爺是前副議長、台中市張派代表人物張光儀，同一輩的還有前台中市長張啟仲、新光醫院前副院長黃芳彥的母親張愛信 | 祖父是前副議長、台中市張派代表人物張光儀，同一輩的還有前台中市長張啟仲、新光醫院前副院長黃芳彥的母親張愛信"
"not_found","張溫鷹","0","","2022","陳俞融","母親","母親是前台中市市長、美麗島事件受難者張溫鷹"
"not_found","張瑞山","0","","2018 | 2022","張維倩","爸爸 | 父親","爸爸是4屆議員、4屆中和市市民代表張瑞山 | 父親是4屆議員、4屆中和市市民代表張瑞山"
"not_found","張廖貴專","0","","2018 | 2022","張廖乃綸","爸爸 | 父親","爸爸是前議長、副議長、台中市魚市場及果菜市場董事長張廖貴專 | 父親是前議長、副議長、台中市魚市場及果菜市場董事長張廖貴專"
"found","張碩芬","1","張碩芬 [f7ae7ff4-370f-40a1-ab8b-b91855dcbd7c]","2022","張碩芳","姊姊","姊姊是桃園市第三選區參選人張碩芬"
"found","張碩芳","1","張碩芳 [f2d8c3a0-3079-4282-baa6-3ff3a4e1d5c8]","2022","張碩芬","妹妹","妹妹是桃園市第一選區參選人張碩芳"
"ambiguous_same_name","張慶忠","2","張慶忠 [3704853c-5e9d-44f2-8917-ec0361474f53] | 張慶忠 [a2fb35bf-d72f-4174-b17e-5d9443b9a04b]","2018 | 2022","陳錦錠","丈夫","丈夫是3屆立委張慶忠"
"not_found","張慶惠","0","","2018 | 2022","魏筠","媽媽 | 母親","媽媽是立委、前國大代表張慶惠 | 母親是曾任立委、國大代表的張慶惠"
"found","張賦脈","1","張賦脈 [5c90e0f9-b415-4835-8381-4c5e93d65660]","2018 | 2022","陳怡君","媽媽 | 母親","媽媽是大同區保安里里長張賦脈 | 母親是大同區保安里里長張賦脈"
"found","莊競程","1","莊競程 [d5286dc2-74e5-49f5-8c95-678e197c5181]","2022","曾朝榮","外甥","外甥是立委莊競程"
"not_found","許文欽","0","","2018","許乃文","爸爸","爸爸是陳菊後援會長許文欽，多年為黨內人士抬轎"
"not_found","許正雄","0","","2018","許慧玉","爸爸","爸爸是2屆縣議員、大社鄉鄉長許正雄"
"found","許崑源","1","許崑源 [162f0858-4455-4937-8409-d82aa4d3a9b7]","2022","許釆蓁","父親","父親是國民黨前議員、前議長許崑源"
"not_found","許富男","0","","2018 | 2022","許家蓓","爸爸 | 父親","爸爸是2屆議員許富男 | 父親是民進黨創黨元老、2屆議員許富男"
"found","連小華","1","連小華 [1ccc57b2-3f24-4a3a-a1b7-35cc1a97542a]","2022","陳清龍","妻子","妻子是曾任豐原市民代表的連小華"
"found","郭玟成","1","郭玟成 [32a4c777-d0ee-4df5-b7b7-0d5fa7511f2d]","2018","林宛蓉","丈夫","丈夫是3屆立委、3屆議員郭玟成"
"not_found","郭瑞華","0","","2018 | 2022","郭昭巖","爸爸 | 父親","爸爸是前台北市自來水處處長郭瑞華 | 父親是前台北市自來水處處長郭瑞華"
"not_found","郭裕信","0","","2022","郭麗華 | 郭蔡美英","堂兄 | 兒子","堂兄弟是經濟發展局局長郭裕信 | 兒子是經濟發展局局長郭裕信"
"found","郭榮宗","1","郭榮宗 [e4f98b1a-811d-40d2-b757-5c1d5d4ca34a]","2018 | 2022","郭蔡美英 | 郭麗華","丈夫 | 叔叔","丈夫是3屆立委、議員、3屆觀音鄉鄉長郭榮宗 | 叔叔是3屆立委、議員、觀音鄉鄉長郭榮宗 | 丈夫是曾任3屆立委、議員、3屆觀音鄉鄉長的郭榮宗"
"found","郭蔡美英","1","郭蔡美英 [5659cd1d-568f-48f7-8093-94c29944a3c3]","2022","郭麗華","嬸嬸","嬸嬸是曾任2屆議員的郭蔡美英"
"ambiguous_same_name","郭麗華","2","郭麗華 [db9df2fa-aee6-42bd-bd40-9f2eb50dec99] | 郭麗華 [2472f79e-4d08-4b95-b088-b427edfb127e]","2022","郭蔡美英","侄女","侄女是本屆第4選區議員參選人郭麗華"
"found","陳一郎","1","陳一郎 [048dde39-a962-4b07-bacc-da27a9321665]","2018 | 2022","陳儀君","爸爸 | 父親","爸爸是前縣議員、五峰里里長陳一郎 | 父親是前縣議員、五峰里里長陳一郎"
"found","陳仁榮","1","陳仁榮 [6f6a867e-746c-4f3e-ba12-69b0a67a559d]","2022","陳雅惠","父親","父親是前國光里長陳仁榮"
"not_found","陳天汶","0","","2018 | 2022","陳文政","岳父","岳父是前台中市議會副議長陳天汶"
"ambiguous_same_name","陳文慶","2","陳文慶 [99a62e8f-f2f5-4ed7-8309-fec8a38c4ddf] | 陳文慶 [6a8f2ea4-f1a0-44c0-bfc6-b0c5ce203c37]","2018","陳麗珍","爸爸","爸爸是左營區新下里長陳文慶"
"ambiguous_same_name","陳文賢","2","陳文賢 [34f0f6c1-e5ee-465f-b496-90bdc6dc24a5] | 陳文賢 [48e92fa8-4e8d-42eb-b8cb-c2499c59f6b0]","2018 | 2022","陳秋宏","爸爸 | 父親","爸爸是4屆議員陳文賢 | 父親是4屆議員的陳文賢"
"not_found","陳文憲","0","","2022","陳俞融","父親","父親是前民進黨台中市黨部主委陳文憲"
"found","陳文禮","1","陳文禮 [a7061254-09f4-4c19-b0ed-f7f524282549]","2022","陳俊霖","父親","父親是七屆新北市三重區長泰里里長陳文禮"
"not_found","陳水扁","0","","2018 | 2022","陳致中","爸爸 | 父親","爸爸是前總統陳水扁 | 父親是前總統陳水扁"
"found","陳世軒","1","陳世軒 [072996a8-3739-4c77-ae43-6d20cbddbdd8]","2022","陳明義","兒子","兒子陳世軒今年代表民眾黨參選新莊選區議員"
"ambiguous_same_name","陳永德","2","陳永德 [3e5ef61f-0ddc-43cf-9ddf-67ba308bb9fa] | 陳永德 [25472ac2-4a0f-4066-b974-1379e7107bf7]","2022","陳錦祥","堂哥","堂哥是松山信義區議員陳永德"
"found","陳玉梅","1","陳玉梅 [2573fa99-04ff-4130-88fc-7cf7b008be02]","2018 | 2022","陳炳甫","姊姊","姊姊是5屆議員陳玉梅"
"not_found","陳安邦","0","","2022","陳思宇","祖父","祖父是國民黨第二屆國大代表陳安邦"
"not_found","陳江順","0","","2018 | 2022","陳睿生","爸爸 | 父親","爸爸是前新屋鄉鄉長陳江順 | 父親是曾任新屋鄉鄉長的陳江順"
"not_found","陳志謀","0","","2018 | 2022","陳雅倫","爸爸 | 父親","爸爸是3屆議員、龜山鄉鄉長陳志謀 | 父親是曾任3屆議員、龜山鄉長的陳志謀"
"found","陳秀霞","1","陳秀霞 [60cf86a8-b649-419c-bbc4-e8d1572ba2ef]","2018 | 2022","周奕齊","媽媽 | 母親","媽媽是親民黨不分區立委周陳秀霞 | 母親是親民黨不分區立委周陳秀霞"
"not_found","陳佳照","0","","2018 | 2022","陳怡珍","爸爸 | 父親","爸爸是前議員陳佳照，姊姊是3屆議員、3屆立委的陳亭妃 | 父親是曾任議員的陳佳照"
"not_found","陳忠順","0","","2018 | 2022","吳瓊華","公公","公公是2屆議員、前議長張清堂機要秘書陳忠順"
"ambiguous_same_name","陳怡潔","3","陳怡潔 [1dea808d-673c-45d8-8b90-5f42d132f464] | 陳怡潔 [23561a62-75ab-45f2-a9e7-3be11c528c6a] | 陳怡潔 [389b27bb-d8d4-4fc9-8643-eb15cb75389d]","2018 | 2022","陳政忠","女兒","女兒是2屆親民黨不分區立委陳怡潔"
"ambiguous_same_name","陳昌輝","2","陳昌輝 [92be827e-7c77-4961-8e54-d0034df53724] | 陳昌輝 [e560db2e-3f63-4141-87dd-4cb22c3e196f]","2022","蔡宛秦","丈夫","丈夫是曾任台聯台南市黨部主委的陳昌輝"
"not_found","陳明吉","0","","2018 | 2022","陳美雅","爸爸 | 父親","爸爸是4屆議員陳明吉 | 父親是國民黨前議員陳明吉"
"found","陳明雄","1","陳明雄 [c1e3e88e-29a6-42e1-a9c6-9a76e0752940]","2018 | 2022","陳鴻源","爸爸 | 父親","爸爸是4屆議員、國大代表陳明雄 | 父親是4屆議員、國大代表陳明雄"
"ambiguous_same_name","陳明義","2","陳明義 [637c35ce-d506-4807-93de-19faca0f2eff] | 陳明義 [53f5e2f0-8f8b-4224-820c-aadfd5c66eab]","2022","陳世軒","父親","父親是曾任國民黨中常委、發言人的新北市議員陳明義"
"not_found","陳松福","0","","2018 | 2022","段樹文","哥哥","哥哥是前八德市民代會主席陳松福、八德霄裡里里長陳松銀（同母異父） | 哥哥是曾任八德市民代會主席的陳松福"
"not_found","陳松銀","0","","2018 | 2022","段樹文","哥哥","哥哥是前八德市民代會主席陳松福、八德霄裡里里長陳松銀（同母異父） | 哥哥是曾任八德霄裡里里長的陳松銀"
"not_found","陳炎坤","0","","2018 | 2022","葉元之 | 陳美梅","岳父 | 伯伯","岳父是前桃園縣縣議員陳炎坤 | 伯伯是前議員陳炎坤 | 伯伯是2屆議員陳炎坤"
"found","陳亭妃","1","陳亭妃 [0ecf679c-cff2-4e3b-88b6-f6ec68f6d563]","2018 | 2022","陳怡珍","姊姊","爸爸是前議員陳佳照，姊姊是3屆議員、3屆立委的陳亭妃 | 姊姊是3屆議員、4屆立委的陳亭妃"
"ambiguous_same_name","陳俊雄","3","陳俊雄 [839d77c5-44f1-475b-8c41-e60acca7bb33] | 陳俊雄 [21241d99-4d0d-4dd6-8cbd-9e6efa76c462] | 陳俊雄 [fa8be9a6-da1b-49bd-b114-b29c3c72ade1]","2018 | 2022","陳永德 | 陳錦祥","爸爸 | 伯父","爸爸是3屆議員陳俊雄 | 伯父是連任6屆議員的陳俊雄"
"not_found","陳奕宣","0","","2018","陳儀桓","姨丈","姨丈是民進黨中評委陳奕宣"
"ambiguous_same_name","陳建銘","4","陳建銘 [6333f2b6-52b8-4aed-bb33-b1272ddb9112] | 陳建銘 [1668a309-8ba0-46c6-a202-0a5a3f7b4e41] | 陳建銘 [185eac0a-a318-4a7c-8a87-671e9cf6db29] | 陳建銘 [c0e01962-7051-4dd3-8ee2-a85b059cf28f]","2022","陳思宇","父親","父親是陳建銘為現任無黨籍台北市議員"
"found","陳思宇","1","陳思宇 [f1f8067d-c13f-4ec2-a227-556a9d1d28d6]","2018","陳建銘","女兒","女兒是台北市觀傳局局長陳思宇"
"ambiguous_same_name","陳柏惟","2","陳柏惟 [008f5a30-f22f-4c01-85c9-de5a54f2839a] | 陳柏惟 [067a9321-93cb-4547-ab80-8e37586de84c]","2022","陳玄曄","堂弟","堂弟是前立委陳柏惟"
"not_found","陳秋阿慎","0","","2022","陳俞融","曾祖母","曾祖母是前議員陳秋阿慎"
"not_found","陳秋喜","0","","2022","陳泓維","父親","父親是曾任民進黨龜山鄉民代表、桃園市長鄭文燦特助的陳秋喜"
"ambiguous_same_name","陳美華","2","陳美華 [0593d667-395c-4449-8f88-f20308f60d38] | 陳美華 [16fdddb5-30d7-4475-9bc2-ed7a9a2a9e20]","2018 | 2022","金瑞龍","老婆 | 妻子","老婆是市民代表、瑞穗里里長陳美華 | 妻子是市民代表、瑞穗里里長陳美華"
"not_found","陳茂正","0","","2018 | 2022","陳科名","爸爸 | 父親","爸爸是前縣議員陳茂正 | 父親是前縣議員陳茂正"
"not_found","陳重光","0","","2018","陳炳甫","爸爸","爸爸是中華職棒前會長、台灣養樂食品公司董事長陳重光"
"ambiguous_same_name","陳根德","2","陳根德 [450b07e1-fe41-48aa-a749-33b023fedb55] | 陳根德 [53d385ea-ca2d-41ee-abf0-2bcdad4cd684]","2018 | 2022","李曉鐘","親家","親家是5屆立委、縣議員、議長陳根德 | 親家是曾任5屆立委、縣議員、議長的陳根德"
"not_found","陳健治","0","","2018","陳義洲","哥哥","哥哥為前立委、7屆議員、3屆議長陳健治"
"not_found","陳健楷","0","","2018 | 2022","吳瓊華","丈夫","丈夫是台中市議會秘書長、2屆議員陳健楷"
"not_found","陳彩龍","0","","2022","陳俞融","曾祖父","曾祖父是前省議員陳彩龍"
"found","陳清玉","1","陳清玉 [0e39c7c4-77a3-49d1-bd80-bee2e9428021]","2018 | 2022","陳玫娟","爸爸 | 父親","爸爸是前副議長陳清玉 | 父親是國民黨高市黨部前副主委陳清玉"
"not_found","陳勝宏","0","","2018 | 2022","鍾佩玲","公公","公公是民進黨中評會主委陳勝宏"
"not_found","陳曾悅子","0","","2018","陳永德","媽媽","媽媽是光信里里長陳曾悅子"
"found","陳進財","1","陳進財 [ab3f43ce-313b-44c1-a62a-7ee029f96256]","2018","陳文清","爸爸","爸爸是2屆縣議員、將軍代表會副主席、將軍鄉鄉長陳進財"
"found","陳進祥","1","陳進祥 [9eb752e8-89c7-43d5-96c9-5b2b3992eb69]","2022","陳家琪","父親","父親是國民黨前八里區黨部主委、八里區村長聯誼會長陳進祥"
"found","陳進義","1","陳進義 [95468215-51c7-4369-8848-d04dd00543fd]","2022","陳詩薇","父親","父親是4屆議員陳進義"
"found","陳萬得","1","陳萬得 [fda85fd0-79b8-4007-8612-f47e445f0d50]","2022","陳韋曄","父親","父親是桃園市議員陳萬得"
"not_found","陳彰茂","0","","2018 | 2022","郭秀珠","丈夫","丈夫是前麻豆鎮鎮長、鎮代會主席陳彰茂 | 丈夫是曾任麻豆鎮鎮長、鎮代會主席的陳彰茂"
"not_found","陳碧峰","0","","2018 | 2022","陳慈慧","爸爸 | 父親","爸爸是前議員陳碧峰 | 父親是前議員陳碧峰"
"not_found","陳端堂","0","","2022","陳俞融","祖父","祖父是前台中市長陳端堂"
"not_found","陳粹鑾","0","","2018 | 2022","鄭安秝","媽媽 | 母親","媽媽是4屆議員陳粹鑾 | 母親是國民黨前議員陳粹鑾"
"found","陳賴素美","1","陳賴素美 [d50d344c-a49c-411e-8bd7-c83caff3443e]","2018","陳儀桓","阿姨","阿姨是立委、3屆議員陳賴素美"
"not_found","陳靜敏","0","","2022","陳思宇","姑姑","姑姑是民進黨前立委陳靜敏"
"not_found","傅娟","0","","2018","歐陽龍","老婆","老婆是德安里里長傅娟"
"found","彭成龍","1","彭成龍 [bd1f5dba-9459-4e27-909b-f56f12b58329]","2022","彭一書","父親","父親是5屆議員彭成龍"
"found","彭添富","1","彭添富 [88296f79-11c2-4e5d-aeee-145f9824015e]","2018 | 2022","彭俊豪","爸爸 | 父親","爸爸是前立委、議員、省議員和桃園果菜市場公司董事長彭添富 | 父親是曾任立委、議員、省議員和桃園果菜市場公司董事長的彭添富"
"found","曾文振","1","曾文振 [62a1e79a-70fa-4f9b-9c47-c3742512f6ec]","2018 | 2022","曾煥嘉","爸爸 | 父親","爸爸是5屆縣議員曾文振 | 父親是5屆縣議員曾文振"
"not_found","曾長發","0","","2018 | 2022","曾俊傑","爸爸 | 父親","爸爸是7屆議員曾長發 | 父親是國民黨7屆議員曾長發"
"found","曾信凱","1","曾信凱 [227a22a0-de38-41bc-9bb5-ff32a7993f84]","2022","曾之婕","弟弟","弟弟是1屆議員曾信凱"
"found","曾培雅","1","曾培雅 [b642cc02-2fb8-4aa2-a691-bb7096f9b65b]","2018","曾信凱","姑姑","姑姑是3屆議員曾培雅"
"found","曾朝煌","1","曾朝煌 [377259e2-b836-415a-90a3-c046c00e0679]","2022","曾朝榮","哥哥","哥哥是大坑里長曾朝煌"
"not_found","曾順良","0","","2018 | 2022","曾培雅 | 曾信凱 | 曾之婕","兄長 | 爸爸 | 哥哥 | 父親","兄長是4屆議員曾順良 | 爸爸是4屆議員曾順良 | 哥哥是4屆議員曾順良 | 父親是曾任台南市議會副議長的曾順良"
"not_found","游輝廷","0","","2018 | 2022","游輝宂","堂兄","堂兄是6屆議員、2屆中和市市民代表游輝廷"
"found","黃仁杼","1","黃仁杼 [b5918053-67d7-439b-a089-19907af731e1]","2018 | 2022","黃傅淑香 | 黃崇真","丈夫 | 父親","丈夫是前立委、4屆議員黃仁杼 | 父親是曾任立委的黃仁杼"
"not_found","黃石龍","0","","2018 | 2022","黃文志","爸爸 | 父親","爸爸是5屆議員、副議長黃石龍 | 父親是民進黨前議員黃石龍"
"ambiguous_same_name","黃志雄","3","黃志雄 [1b464291-8770-45c3-88bd-d3dda8fece60] | 黃志雄 [e87e6f99-a72f-4741-9bc4-86b9b894d08d] | 黃志雄 [111c9fd4-47be-4b1a-8507-6d335538d992]","2018 | 2022","洪佳君","丈夫","丈夫是3屆立委黃志雄"
"not_found","黃享欽","0","","2018 | 2022","黃家齊","爸爸 | 父親","爸爸是2屆議員、3屆桃園市代表黃享欽 | 父親是曾任2屆議員、3屆桃園市代表的黃享欽"
"not_found","黃宗源","0","","2018","黃永鎮","爸爸","爸爸是前立委黃宗源"
"found","黃忠信","1","黃忠信 [34b913e6-5ad9-429e-b2c3-4c3facdc86b8]","2018 | 2022","黃俊哲","爸爸 | 父親","爸爸是2屆議員黃忠信 | 父親是2屆議員黃忠信"
"found","黃林玲玲","1","黃林玲玲 [ae8b961a-006b-4fa8-a65d-09360d03cceb]","2022","黃聖超","母親","母親是3屆台北縣議員、2屆新莊市長、3屆新北市議員黃林玲玲"
"not_found","黃芳仁","0","","2018 | 2022","黃紹庭","爸爸 | 父親","爸爸是3屆前任議員黃芳仁 | 父親是國民黨前議員黃芳仁"
"not_found","黃芳彥","0","","2018 | 2022","張彥彤","爺爺 | 祖父","爺爺是前副議長、台中市張派代表人物張光儀，同一輩的還有前台中市長張啟仲、新光醫院前副院長黃芳彥的母親張愛信 | 祖父是前副議長、台中市張派代表人物張光儀，同一輩的還有前台中市長張啟仲、新光醫院前副院長黃芳彥的母親張愛信"
"not_found","黃昭星","0","","2022","黃偵琳","父親","父親是民進黨前議員黃昭星"
"ambiguous_same_name","黃柏霖","3","黃柏霖 [5dffdbb8-9047-49d7-988f-b43e4bb38f6c] | 黃柏霖 [18dec222-d16b-469b-9466-7adbf0b5dd96] | 黃柏霖 [953a996a-6b60-4dd9-869a-0d644958401f]","2018 | 2022","黃香菽","堂哥","堂哥是現任議員黃柏霖"
"found","黃香菽","1","黃香菽 [dce24d38-243f-4915-9391-50b5ed89765d]","2022","黃柏霖","堂妹","堂妹是國民黨議員黃香菽"
"not_found","黃哲鐘","0","","2018 | 2022","黃成峻","爸爸 | 父親","爸爸是2屆縣議員黃哲鐘 | 父親是2屆縣議員黃哲鐘"
"found","黃啟川","1","黃啟川 [01010e32-26cc-4a04-a4f5-1a12d8d44b5e]","2018 | 2022","黃香菽 | 黃柏霖","爸爸 | 叔叔 | 父親","爸爸是7屆議員、前議長黃啟川 | 叔叔是7屆議員、前任議長黃啟川 | 叔叔是國民黨前議員、前議長黃啟川 | 父親是國民黨前議員、前議長黃啟川"
"ambiguous_same_name","黃淑芬","3","黃淑芬 [a34b030f-bc61-459f-8245-435741ae8e4f] | 黃淑芬 [9d5e06a5-e079-45b0-901f-6ca743bb3031] | 黃淑芬 [cb449355-59da-486a-9a5d-0dbea2c8f15f]","2022","黃國晏","母親","母親是中山里長黃淑芬"
"found","黃傅淑香","1","黃傅淑香 [92cf8d4f-6ae0-44ce-8706-b5f5e5760cb7]","2022","黃崇真","母親","母親是曾任桃園市客家局長的黃傅淑香"
"found","黃景熙","1","黃景熙 [b87034c4-59d1-4a08-87dc-cb98a74b5b69]","2022","黃瓊慧","父親","父親是5屆議員黃景熙"
"not_found","黃登丕","0","","2018 | 2022","林芳如 | 黃飛鳳","丈夫 | 二哥","丈夫是前縣議員黃登丕 | 二哥是前民進黨議員黃登丕"
"not_found","黃登勇","0","","2018","林芳如","大伯","大伯是前大樹鄉長黃登勇"
"not_found","黃萬全","0","","2022","黃秋媖","父親","父親是台灣團結聯盟前議員、前田寮鄉長黃萬全"
"not_found","黃碧霞","0","","2018 | 2022","邱于軒","婆婆","婆婆是前議員黃碧霞"
"found","黃韻涵","1","黃韻涵 [00a8b9f5-4dc2-4408-b15c-c2f24bf8a755]","2022","陸淑美","女兒","女兒是國民黨前立委參選人黃韻涵"
"not_found","黃顯洲","0","","2022","黃馨慧","弟弟","弟弟是曾任立委的黃顯洲"
"found","楊正中","1","楊正中 [a9394ab6-51c9-4eff-b895-ca77538a3809]","2022","楊大鋐","父親","父親是5屆議員楊正中"
"not_found","楊永昌","0","","2018 | 2022","楊啓邦","爸爸 | 父親","爸爸是6屆議員、2屆大甲鎮鎮民代表楊永昌 | 父親是6屆議員、2屆大甲鎮鎮民代表楊永昌"
"not_found","楊振添","0","","2018 | 2022","陳麗娜","公公","公公是4屆議員楊振添 | 公公是國民黨前議員楊振添"
"not_found","楊敏郎","0","","2022","陳麗娜","丈夫","丈夫是國民黨前議員楊敏郎"
"not_found","楊敏朗","0","","2018","陳麗娜","丈夫","丈夫是議員楊敏朗"
"not_found","溫秀英","0","","2022","王珮毓","母親","母親是廣興里長溫秀英"
"not_found","葉香","0","","2018","陸錦生","媽媽","媽媽是2屆議員葉香"
"found","廖本煙","1","廖本煙 [3a7860fd-ce20-4f42-babb-c1c96f23f98f]","2018 | 2022","廖宜琨","爸爸 | 父親","爸爸是2屆立委、議員廖本煙 | 父親是2屆立委、議員廖本煙"
"not_found","廖正良","0","","2018 | 2022","廖先翔","爸爸 | 父親","爸爸是3屆議員廖正良 | 父親是3屆議員廖正良"
"not_found","廖國文","0","","2018","廖威森","爸爸","爸爸是前鄉長廖國文"
"ambiguous_same_name","廖國棟","2","廖國棟 Sufin．Siluko [80b17e0e-20a9-4141-92fc-bdca821709f7] | 廖國棟 [bbb98e59-96bb-4e9e-bd64-7c25024cba38]","2022","陳姿伶 Amuy．Muwakay","丈夫","丈夫是立委廖國棟"
"not_found","廖輝星","0","","2018 | 2022","李柏瑟","丈夫","丈夫是2屆縣議員廖輝星"
"not_found","劉邦友","0","","2022","劉邦鉉","堂哥","堂哥是前桃園縣長劉邦友"
"not_found","劉炳偉","0","","2018 | 2022","劉美芳","爸爸 | 父親","爸爸是前立委、末代省議長劉炳偉 | 父親是前立委、末代省議長劉炳偉"
"found","劉茂群","1","劉茂羣 [23c459f9-d96e-4948-a5a7-b6a618558367]","2022","張碩芳 | 張碩芬","母親","母親是7屆議員劉茂群"
"not_found","劉國榮","0","","2018 | 2022","劉仁照","爸爸 | 父親","爸爸是3屆平鎮市市民代表劉國榮 | 父親是3屆平鎮市市民代表劉國榮"
"not_found","劉淑蘭","0","","2018","張家銨","乾媽","乾媽是3屆議員、龍井鄉民代表劉淑蘭"
"not_found","劉盛良","0","","2018 | 2022","劉哲彰","爸爸 | 父親","爸爸是縣議員、立委劉盛良 | 父親是縣議員、立委劉盛良"
"not_found","劉順天","0","","2018 | 2022","劉美芳","祖父","祖父是板橋市首任市長劉順天"
"not_found","劉劍成","0","","2018","劉劍鋒","哥哥","哥哥是前國代劉劍成"
"not_found","厲耿桂芳","0","","2018 | 2022","耿葳","姑姑","姑姑是5屆議員厲耿桂芳"
"not_found","蔡介雄","0","","2018 | 2022","莊玉珠","公公","公公是7屆省議員、民進黨創黨元老蔡介雄 | 公公是7屆省議員、民進黨創黨元老的蔡介雄"
"not_found","蔡水羅","0","","2018 | 2022","蔡雅玲","爸爸 | 父親","爸爸多屆北屯區三光里里長蔡水羅 | 父親是多屆北屯區三光里里長蔡水羅"
"not_found","蔡玉枝","0","","2018 | 2022","穎艾達利 | 穎艾達利 Ingay Tali","媽媽 | 母親","媽媽是2屆議員蔡玉枝 | 母親是現任平地原住民議員的蔡玉枝"
"not_found","蔡松雄","0","","2018 | 2022","蔡金晏","爸爸 | 父親","爸爸是3屆議員、副議長蔡松雄 | 父親是前無黨籍議員、副議長蔡松雄"
"not_found","蔡武男","0","","2018 | 2022","蔡武宏","哥哥","哥哥是接替選上議員的蔡武男"
"found","蔡炳輝","1","蔡炳輝 [7b353eea-bccd-4200-a6f9-54467ef87e57]","2022","蔡麗青","父親","父親是曾任城南里里長的蔡炳輝"
"found","蔡崇銘","1","蔡崇銘 [a102be8c-7ce2-400d-87fe-6d3b0e1b8832]","2018","蔡宜芳","爸爸","爸爸是鹽埕區中原里里長蔡崇銘"
"not_found","蔡啟新","0","","2018 | 2022","莊玉珠","丈夫","丈夫是民進黨台南市黨部評委蔡啟新 | 丈夫是曾任民進黨台南市黨部評委的蔡啟新"
"not_found","蔡登瀛","0","","2018 | 2022","蔡育輝","爸爸 | 父親","爸爸是5屆縣議員蔡登瀛 | 父親是5屆議員蔡登瀛"
"not_found","蔡瑞源","0","","2018","蔡旻峰","爸爸","爸爸是安南區國民黨部主委蔡瑞源，也是正統土城鹿耳門聖母廟公關組長"
"not_found","蔡慶源","0","","2018 | 2022","蔡武宏","爸爸 | 父親","爸爸是3屆議員蔡慶源 | 父親是3屆議員蔡慶源"
"not_found","鄭金隆","0","","2018 | 2022","彭佳芸","公公","公公是5屆議員鄭金隆"
"not_found","鄭振豐","0","","2018 | 2022","鄭宇恩","爸爸 | 父親","爸爸是民進黨創黨黨員鄭振豐 | 父親是民進黨創黨黨員鄭振豐"
"not_found","鄭新助","0","","2018 | 2022","鄭孟洳","爺爺 | 祖父","爺爺是4屆現任議員鄭新助 | 祖父是民進黨前議員鄭新助"
"not_found","盧天麟","0","","2022","林慧欣","舅舅","舅舅是民進黨前不分區立委盧天麟"
"not_found","賴美惠","0","","2018 | 2022","李宗翰","媽媽 | 母親","媽媽是6屆議員、議長賴美惠 | 母親是6屆議員賴美惠"
"not_found","賴清海","0","","2022","賴順仁","祖父","祖父是前議員賴清海"
"not_found","賴誠吉","0","","2022","賴順仁","父親","父親是前省議員賴誠吉"
"not_found","賴穎鋌","0","","2018 | 2022","賴佳微","爸爸 | 父親","爸爸是2屆議員、前民進黨台中市黨部執行長賴穎鋌 | 父親是2屆議員、前民進黨台中市黨部執行長賴穎鋌"
"not_found","賴頤年","0","","2018","賴曉亭","爸爸","爸爸是2屆議員賴頤年"
"not_found","薛凌","0","","2018 | 2022","鍾佩玲","丈夫 | 婆婆","丈夫是3屆立委薛凌長子何利偉 | 婆婆是3屆立委薛凌"
"not_found","謝水藍","0","","2018","謝賢","爺爺","爺爺是前台灣省參議員謝水藍"
"found","謝岩介","1","謝岩介 [6587ce82-5297-41e3-a4cd-81e046c57a59]","2022","謝克洋","父親","父親是金華里里長謝岩介"
"ambiguous_same_name","謝明源","2","謝明源 [376e10bc-f1d0-4c9b-abe6-1afec3ca2f91] | 謝明源 [72242775-09bd-4074-8b91-e4e44ba2fa72]","2022","謝家宜","父親","父親是2屆立委、4屆議員謝明源"
"not_found","謝欣霓","0","","2018","謝賢","姊姊","姊姊為立委謝欣霓"
"not_found","謝長廷","0","","2018","謝維洲","爸爸","爸爸是駐日代表謝長廷"
"not_found","謝英美","0","","2018 | 2022","闕枚莎","媽媽 | 母親","媽媽是5屆議員謝英美 | 母親是5屆議員謝英美"
"found","謝財旺","1","謝財旺 [edc30c33-2441-47ea-bd0e-b67db01ab5d9]","2022","謝舒凡","父親","父親是2屆議員、學甲鎮鎮長、學甲鎮民代表會主席、南縣區漁會監事的謝財旺"
"not_found","謝錦川","0","","2018","謝賢","爸爸","爸爸是立委、前台南縣議員謝錦川"
"found","謝龍介","1","謝龍介 [320c38ea-48a7-4cfb-a77b-5842abcda5ac]","2022","謝克洋","伯父","伯父是台南市議員謝龍介"
"not_found","鍾則良","0","","2018 | 2022","鍾沛君","爸爸 | 父親","爸爸是台北市國民黨部主委、民政局局長鍾則良 | 父親是台北市國民黨部主委、民政局局長鍾則良"
"found","鍾紹和","1","鍾紹和 [843cf063-44a1-496d-baa6-53cc62a1d673]","2018 | 2022","鍾易仲","爸爸 | 父親","爸爸是前立委鍾紹和 | 父親是國民黨前立委鍾紹和"
"not_found","鍾源清","0","","2018","陳秀玲","丈夫","丈夫是楊梅市民代表會主席鍾源清"
"ambiguous_same_name","簡東明","2","簡東明 Uliw．Qaljupayare [3992d822-5175-4c8c-8031-f9819982571a] | 簡東明 Uliw．Qaljupayare [8f9d5656-496f-48f0-9b49-df850a2d4e53]","2018 | 2022","簡志偉","爸爸 | 父親","爸爸是3屆立委簡東明 | 父親是3屆立委簡東明"
"not_found","簡肇棟","0","","2018 | 2022","張芬郁","丈夫","丈夫是2屆立委簡肇棟"
"not_found","顏世雄","0","","2018 | 2022","林裔綺","丈夫","丈夫是2屆議員、2屆瑞芳鎮鎮長顏世雄"
"found","顏清通","1","顏清通 [5395a927-5d45-40d4-b5ed-67063ee40360]","2022","顏莉敏","叔叔","叔叔是三鹿里里長顏清通"
"found","顏清標","1","顏清標 [411b2176-0ec0-4c5e-95a7-001f6d53d486]","2018 | 2022","顏莉敏","爸爸 | 父親","爸爸是大甲鎮瀾宮基金會董事長、立委顏清標 | 父親是大甲鎮瀾宮基金會董事長、前立委顏清標"
"found","顏寬恒","1","顏寬恒 [19ab2b72-7a81-4800-9da0-b40c6821ab4d]","2018 | 2022","顏莉敏","哥哥","哥哥是立委顏寬恒 | 哥哥是前立委顏寬恒"
"not_found","顏錦福","0","","2018","顏聖冠","爸爸","爸爸是4屆立委、2屆議員、民進黨發起人之一顏錦福"
"not_found","魏廷朝","0","","2018 | 2022","魏筠","爸爸 | 父親","爸爸是政治受難者魏廷朝 | 父親是政治受難者魏廷朝"
"not_found","魏隆琪","0","","2022","邱愛珊","丈夫","丈夫為前豐原市代會副主席魏隆琪"
"not_found","蘇文哲","0","","2022","蘇柏興","父親","父親是前大里市代會主席蘇文哲"
"not_found","蘇有仁","0","","2018 | 2022","蘇泓欽","爸爸 | 父親","爸爸是5屆議員、2屆鶯歌鎮長、鎮民代表蘇有仁 | 父親是5屆議員、2屆鶯歌鎮長、鎮民代表蘇有仁"
"found","蘇志強","1","蘇志強 [e8022a3c-d2b1-40d3-a671-4f332e25245b]","2018 | 2022","王仙蓮 | 蘇偉恩","丈夫 | 父親","丈夫是議員蘇志強 | 丈夫是曾任議員的蘇志強 | 父親是曾任議員的蘇志強"
"found","蘇偉恩","1","蘇偉恩 [68aab42e-05e7-4c91-b551-df8dfd535d1a]","2022","王仙蓮","兒子","兒子是第14選區參選人蘇偉恩"
